<?xml version="1.0" encoding="UTF-8"?>
<GenRun Id="synth_1" LaunchPart="xc7a35ticsg324-1L" LaunchTime="1642001060">
  <File Type="REPORTS-TCL" Name="top_reports.tcl"/>
  <File Type="PA-TCL" Name="top.tcl"/>
  <File Type="RDS-DCP" Name="top.dcp"/>
  <File Type="RDS-RDS" Name="top.vds"/>
  <File Type="RDS-UTIL" Name="top_utilization_synth.rpt"/>
  <File Type="RDS-UTIL-PB" Name="top_utilization_synth.pb"/>
  <FileSet Name="sources" Type="DesignSrcs" RelSrcDir="$PSRCDIR/sources_1">
    <Filter Type="Srcs"/>
    <File Path="$PSRCDIR/sources_1/imports/hdl/axis_i2s2.v">
      <FileInfo>
        <Attr Name="ImportPath" Val="$PPRDIR/../../../../../shared/src/hdl/axis_i2s2.v"/>
        <Attr Name="ImportTime" Val="1568917001"/>
        <Attr Name="UsedIn" Val="synthesis"/>
        <Attr Name="UsedIn" Val="implementation"/>
        <Attr Name="UsedIn" Val="simulation"/>
      </FileInfo>
    </File>
    <File Path="$PSRCDIR/sources_1/imports/hdl/axis_volume_controller.v">
      <FileInfo>
        <Attr Name="ImportPath" Val="$PPRDIR/../../../../../shared/src/hdl/axis_volume_controller.v"/>
        <Attr Name="ImportTime" Val="1568917001"/>
        <Attr Name="UsedIn" Val="synthesis"/>
        <Attr Name="UsedIn" Val="implementation"/>
        <Attr Name="UsedIn" Val="simulation"/>
      </FileInfo>
    </File>
    <File Path="$PSRCDIR/sources_1/imports/AUDIO_FIR/FIR_lat.vhd">
      <FileInfo>
        <Attr Name="ImportPath" Val="$PPRDIR/../../../../vivado_projects/FIR_PMOD/FIR_PMOD.srcs/sources_1/imports/AUDIO_FIR/FIR_lat.vhd"/>
        <Attr Name="ImportTime" Val="1641401530"/>
        <Attr Name="UsedIn" Val="synthesis"/>
        <Attr Name="UsedIn" Val="simulation"/>
      </FileInfo>
    </File>
    <File Path="$PSRCDIR/sources_1/imports/hdl/top.v">
      <FileInfo>
        <Attr Name="ImportPath" Val="$PPRDIR/../../../../../shared/src/hdl/top.v"/>
        <Attr Name="ImportTime" Val="1568917001"/>
        <Attr Name="UsedIn" Val="synthesis"/>
        <Attr Name="UsedIn" Val="implementation"/>
        <Attr Name="UsedIn" Val="simulation"/>
      </FileInfo>
    </File>
    <File Path="$PSRCDIR/sources_1/imports/AUDIO_FIR/FIR_MAC.vhd">
      <FileInfo>
        <Attr Name="AutoDisabled" Val="1"/>
        <Attr Name="ImportPath" Val="$PPRDIR/../../../../vivado_projects/FIR_PMOD/FIR_PMOD.srcs/sources_1/imports/AUDIO_FIR/FIR_MAC.vhd"/>
        <Attr Name="ImportTime" Val="1641399630"/>
        <Attr Name="UsedIn" Val="synthesis"/>
        <Attr Name="UsedIn" Val="simulation"/>
      </FileInfo>
    </File>
    <File Path="$PSRCDIR/sources_1/imports/vivado_proj/archive_project_summary.txt">
      <FileInfo>
        <Attr Name="ImportPath" Val="$PPRDIR/../../../../Downloads/Arty-A7-35-Pmod-I2S2-2018.2-1/vivado_proj/archive_project_summary.txt"/>
        <Attr Name="ImportTime" Val="1568894772"/>
      </FileInfo>
    </File>
    <Config>
      <Option Name="DesignMode" Val="RTL"/>
      <Option Name="TopModule" Val="top"/>
      <Option Name="TopAutoSet" Val="TRUE"/>
    </Config>
  </FileSet>
  <FileSet Name="constrs_in" Type="Constrs" RelSrcDir="$PSRCDIR/constrs_1">
    <Filter Type="Constrs"/>
    <File Path="$PSRCDIR/constrs_1/imports/constraints/Arty-A7-35-Master.xdc">
      <FileInfo>
        <Attr Name="ImportPath" Val="$PPRDIR/../../../../../arty-a7-35/src/constraints/Arty-A7-35-Master.xdc"/>
        <Attr Name="ImportTime" Val="1568917001"/>
        <Attr Name="UsedIn" Val="synthesis"/>
        <Attr Name="UsedIn" Val="implementation"/>
      </FileInfo>
    </File>
    <Config>
      <Option Name="ConstrsType" Val="XDC"/>
    </Config>
  </FileSet>
  <FileSet Name="utils" Type="Utils" RelSrcDir="$PSRCDIR/utils_1">
    <Filter Type="Utils"/>
    <Config>
      <Option Name="TopAutoSet" Val="TRUE"/>
    </Config>
  </FileSet>
  <Strategy Version="1" Minor="2">
    <StratHandle Name="Vivado Synthesis Defaults" Flow="Vivado Synthesis 2017"/>
    <Step Id="synth_design">
      <Option Id="FsmExtraction">0</Option>
      <Option Id="Directive">0</Option>
      <Option Id="FlattenHierarchy">1</Option>
    </Step>
  </Strategy>
  <BlockFileSet Type="BlockSrcs" Name="clk_wiz_1"/>
  <BlockFileSet Type="BlockSrcs" Name="axis_data_fifo_0"/>
</GenRun>
