<?xml version="1.0" encoding="UTF-8"?>
<GenRun Id="axis_data_fifo_0_synth_1" LaunchPart="xc7a35ticsg324-1L" LaunchTime="1641404790">
  <File Type="REPORTS-TCL" Name="axis_data_fifo_0_reports.tcl"/>
  <File Type="PA-TCL" Name="axis_data_fifo_0.tcl"/>
  <File Type="RDS-DCP" Name="axis_data_fifo_0.dcp"/>
  <File Type="RDS-RDS" Name="axis_data_fifo_0.vds"/>
  <File Type="RDS-UTIL" Name="axis_data_fifo_0_utilization_synth.rpt"/>
  <File Type="RDS-UTIL-PB" Name="axis_data_fifo_0_utilization_synth.pb"/>
  <FileSet Name="sources" Type="BlockSrcs" RelSrcDir="$PSRCDIR/axis_data_fifo_0">
    <File Path="$PSRCDIR/sources_1/ip/axis_data_fifo_0/axis_data_fifo_0.xci">
      <FileInfo>
        <Attr Name="ImportPath" Val="$PPRDIR/../../../../vivado_projects/FIR_PMOD_ARTY/FIR_PMOD_ARTY.srcs/sources_1/ip/axis_data_fifo_0/axis_data_fifo_0.xci"/>
        <Attr Name="ImportTime" Val="1641404783"/>
        <Attr Name="UsedIn" Val="synthesis"/>
        <Attr Name="UsedIn" Val="implementation"/>
        <Attr Name="UsedIn" Val="simulation"/>
      </FileInfo>
    </File>
    <Config>
      <Option Name="TopModule" Val="axis_data_fifo_0"/>
      <Option Name="UseBlackboxStub" Val="1"/>
    </Config>
  </FileSet>
  <FileSet Name="constrs_in" Type="BlockSrcs" RelSrcDir="$PSRCDIR/axis_data_fifo_0">
    <File Path="$PSRCDIR/sources_1/ip/axis_data_fifo_0/axis_data_fifo_0.xci">
      <FileInfo>
        <Attr Name="ImportPath" Val="$PPRDIR/../../../../vivado_projects/FIR_PMOD_ARTY/FIR_PMOD_ARTY.srcs/sources_1/ip/axis_data_fifo_0/axis_data_fifo_0.xci"/>
        <Attr Name="ImportTime" Val="1641404783"/>
        <Attr Name="UsedIn" Val="synthesis"/>
        <Attr Name="UsedIn" Val="implementation"/>
        <Attr Name="UsedIn" Val="simulation"/>
      </FileInfo>
    </File>
    <Config>
      <Option Name="TopModule" Val="axis_data_fifo_0"/>
      <Option Name="UseBlackboxStub" Val="1"/>
    </Config>
  </FileSet>
  <FileSet Name="utils" Type="Utils" RelSrcDir="$PSRCDIR/utils_1">
    <Filter Type="Utils"/>
    <Config>
      <Option Name="TopAutoSet" Val="TRUE"/>
    </Config>
  </FileSet>
  <Strategy Version="1" Minor="2">
    <StratHandle Name="Vivado Synthesis Defaults" Flow="Vivado Synthesis 2020"/>
    <Step Id="synth_design"/>
  </Strategy>
</GenRun>
